service,method,path,operation_name,tag_category,auth_level,description,request_body_schema,response_schema,notes
gateway,GET,/api/v1/health-check,V1 Health Check,system,public,"Bare health-check endpoint returning a static ok status, defined directly on the aggregated v1 API router.",,,
gateway,POST,/api/v1/auth/register/initiate,Register Initiate,auth,public,Initiates phone-based registration by generating an OTP and sending it via SMS.,RegisterInitiateRequest,RegisterInitiateResponse,
gateway,POST,/api/v1/auth/verify-otp,Verify Otp,auth,public,"Verifies an OTP code and completes registration or login, issuing access and refresh tokens.",VerifyOtpRequest,AuthResponse,
gateway,POST,/api/v1/auth/login,Login,auth,public,Authenticates a user by phone and password and returns access/refresh tokens.,LoginRequest,AuthResponse,
gateway,POST,/api/v1/auth/refresh,Refresh,auth,public,Exchanges a valid refresh token for a new access token.,TokenRefreshRequest,TokenRefreshResponse,
gateway,POST,/api/v1/auth/logout,Logout,auth,customer,Logs out the current user by invalidating their bearer token's session in Redis.,,,204 No Content
gateway,POST,/api/v1/auth/otp/resend,Resend Otp,auth,public,"Resends a registration OTP for an in-progress token, capped at 3 resends per hour per phone.",ResendOtpRequest,RegisterInitiateResponse,
gateway,GET,/api/v1/auth/me,Get Me,auth,customer,"Returns the authenticated user's profile summary including phone, KYC status and credit limit.",,CurrentUserResponse,
gateway,POST,/api/v1/auth/forgot-password,Forgot Password,auth,public,Starts the password-reset flow by sending an OTP to the given phone number.,ForgotPasswordRequest,,
gateway,POST,/api/v1/auth/reset-password,Reset Password,auth,public,Completes password reset by verifying the OTP and setting a new password.,ResetPasswordRequest,,
gateway,GET,/api/v1/auth/sessions,List Sessions,auth,customer,Lists the current user's active (non-revoked) login sessions.,,,
gateway,DELETE,/api/v1/auth/sessions/{session_id},Revoke Session,auth,customer,Revokes one of the current user's active sessions by ID.,,,204 No Content
gateway,DELETE,/api/v1/auth/sessions,Revoke All Sessions,auth,customer,Revokes all active sessions for the current user.,,,204 No Content
gateway,POST,/api/v1/auth/devices/register,Register Device,auth,customer,Registers or updates a push-notification device token for the current user.,DeviceRegisterRequest,,
gateway,DELETE,/api/v1/auth/devices/{device_id},Deregister Device,auth,customer,Deactivates and soft-deletes one of the current user's registered device tokens.,,,204 No Content
gateway,DELETE,/api/v1/auth/account,Delete Account,auth,customer,Deletes the user's account after password verification and anonymises PII; blocked if the user has active loans.,AccountDeleteRequest,,GDPR/PECA compliance flow
gateway,POST,/api/v1/admin/auth/login,Admin Login,Admin Auth,public,Authenticates an admin user by email/password and issues an admin access token (no refresh tokens for admins).,AdminLoginRequest,AdminLoginResponse,
gateway,GET,/api/v1/admin/auth/me,Admin Me,Admin Auth,admin,"Returns the authenticated admin's ID, email, role, MFA status and permissions.",,AdminMeResponse,
gateway,POST,/api/v1/admin/auth/logout,Admin Logout,Admin Auth,admin,Logs out the current admin by removing their session token from Redis.,,,204 No Content
gateway,POST,/api/v1/admin/auth/mfa/setup,Setup Mfa,Admin Auth,admin,Generates a new TOTP MFA secret for the admin and returns a QR provisioning URI (requires password re-auth).,,AdminMfaSetupResponse,Requires get_admin_for_password_change dependency
gateway,POST,/api/v1/admin/auth/mfa/verify,Verify Mfa,Admin Auth,admin,"Verifies a submitted TOTP code to enable MFA on the admin account, locking out after 5 failed attempts.",AdminMfaVerifyRequest,,
gateway,POST,/api/v1/admin/auth/admins,Create Admin,Admin Auth,admin,Creates a new admin account with a given role; requires the manage_admins permission.,CreateAdminRequest,,requires RequirePermission(manage_admins)
gateway,PUT,/api/v1/admin/auth/admins/{admin_id}/role,Assign Admin Role,Admin Auth,admin,Reassigns an admin's role and invalidates all of that admin's active sessions.,AssignRoleRequest,,requires RequirePermission(manage_admins)
gateway,POST,/api/v1/admin/auth/change-password,Admin Change Password,Admin Auth,admin,Lets an admin change their own password after verifying the current password; also satisfies forced password-change flows.,ChangePasswordRequest,,
gateway,GET,/api/v1/admin/auth/roles,List Roles,Admin Auth,admin,Lists all canonical admin roles and the permissions each grants.,,,requires RequirePermission(manage_admins)
gateway,GET,/api/v1/admin/auth/sessions,List Admin Sessions,Admin Auth,admin,"Lists admin login sessions, optionally filtered by admin_id and active-only status.",,,requires RequirePermission(manage_admins); returns list
gateway,POST,/api/v1/admin/auth/sessions/{session_id}/revoke,Revoke Admin Session,Admin Auth,admin,Revokes a specific admin session by ID and removes it from Redis.,,,requires RequirePermission(manage_admins)
gateway,PUT,/api/v1/admin/auth/session-policy,Update Session Policy,Admin Auth,admin,Sets the session-timeout duration in seconds for a given admin role via a system parameter.,SessionPolicyRequest,,requires RequirePermission(manage_admins)
gateway,POST,/api/v1/kyc/start,Start Kyc,KYC,customer,Idempotently initialises a KYC verification record for the authenticated user.,,KycVerificationResponse,
gateway,POST,/api/v1/kyc/upload/{document_type},Upload Document,KYC,customer,"Uploads a KYC document (cnic_front, cnic_back, or liveness_video) to storage and attaches it to the user's KYC record.",,KycVerificationResponse,
gateway,POST,/api/v1/kyc/submit,Submit Kyc,KYC,customer,Submits the user's uploaded KYC documents for automated and manual review.,,KycVerificationResponse,
gateway,GET,/api/v1/kyc/status,Get Kyc Status,KYC,customer,Returns the current KYC verification status with signed download URLs for uploaded documents.,,KycVerificationResponse,
gateway,POST,/api/v1/kyc/resubmit,Resubmit Kyc,KYC,customer,"Resets a rejected KYC record for resubmission, clearing prior documents and verification data (max 3 attempts).",,KycVerificationResponse,
gateway,PUT,/api/v1/kyc/profile,Upsert Profile,KYC,customer,"Creates or updates the customer's personal profile (name, CNIC, address, etc.), decrypting CNIC for the response.",CustomerProfileBase,CustomerProfileResponse,
gateway,GET,/api/v1/kyc/profile,Get Profile,KYC,customer,Fetches the customer's personal profile with the CNIC decrypted for display.,,CustomerProfileResponse,
gateway,GET,/api/v1/admin/kyc/queue,Get Queue,Admin KYC,admin,"Returns a paginated list of pending unclaimed KYC review items, flagging any that have breached the 48-hour SLA.",,list[KycQueueItemResponse],requires RequirePermission(manage_kyc_queue)
gateway,POST,/api/v1/admin/kyc/{queue_id}/claim,Claim Queue Item,Admin KYC,admin,Claims a KYC review queue item for the current admin so they can process it.,,,requires RequirePermission(manage_kyc_queue)
gateway,POST,/api/v1/admin/kyc/{queue_id}/decision,Submit Decision,Admin KYC,admin,Approves or rejects a claimed KYC submission and records an audit event; rejection requires a reason.,AdminKycDecisionRequest,KycVerificationResponse,requires RequirePermission(manage_kyc_queue)
gateway,POST,/api/v1/admin/kyc/{user_id}/trigger-reverification,Trigger Kyc Reverification,Admin KYC,admin,"Resets a user's KYC status to pending, soft-deletes their prior verification record, and queues an SMS notification asking them to re-submit.",,,requires RequirePermission(manage_kyc_queue)
gateway,GET,/api/v1/admin/hitl/stats,Get Hitl Stats,Admin HITL,admin,"Returns counts of pending, in-progress, and today's resolved human-in-the-loop queue items.",,,requires RequirePermission(manage_orders)
gateway,GET,/api/v1/admin/hitl/queue,List Hitl Queue,Admin HITL,admin,"Lists human-in-the-loop review items, optionally filtered by status.",,HitlListResponse,requires RequirePermission(manage_orders)
gateway,GET,/api/v1/admin/hitl/queue/{queue_id},Get Hitl Queue Item,Admin HITL,admin,Fetches a single HITL queue item by ID.,,HitlQueueItemResponse,requires RequirePermission(manage_orders)
gateway,POST,/api/v1/admin/hitl/{queue_id}/claim,Claim Hitl Item,Admin HITL,admin,Claims a HITL queue item for the current admin to work on.,,HitlQueueItemResponse,requires RequirePermission(manage_orders)
gateway,POST,/api/v1/admin/hitl/{queue_id}/start,Start Hitl Item,Admin HITL,admin,Marks a claimed HITL item as in-progress.,,HitlStatusResponse,requires RequirePermission(manage_orders)
gateway,POST,/api/v1/admin/hitl/{queue_id}/resolve,Resolve Hitl Item,Admin HITL,admin,Marks a HITL item resolved with the admin's supplied resolution notes.,HitlResolveRequest,HitlStatusResponse,requires RequirePermission(manage_orders)
gateway,POST,/api/v1/admin/hitl/{queue_id}/cancel,Cancel Hitl Item,Admin HITL,admin,Cancels a HITL queue item.,,HitlStatusResponse,requires RequirePermission(manage_orders)
gateway,GET,/api/v1/admin/dashboard,Get Dashboard Summary,Admin Dashboard,admin,"Returns cached top-level KPIs (GMV, active users, approval/default rate, overdue amounts) for the admin dashboard, computing and caching them if the cache is cold.",,,requires RequirePermission(read_reports); short-TTL Redis cache
gateway,GET,/api/v1/admin/dashboard/order-funnel,Order Funnel,Admin Dashboard,admin,Returns a count of orders grouped by status to visualise the order funnel.,,,requires RequirePermission(read_reports)
gateway,GET,/api/v1/admin/dashboard/revenue-breakdown,Revenue Breakdown,Admin Dashboard,admin,"Returns monthly platform profit, product cost, and GMV series for the trailing N months.",,,requires RequirePermission(read_reports)
gateway,GET,/api/v1/admin/dashboard/payment-status-distribution,Payment Status Distribution,Admin Dashboard,admin,Returns payment transaction counts and totals grouped by status over a trailing window of days.,,,requires RequirePermission(read_reports)
gateway,GET,/api/v1/admin/dashboard/acquisition-by-channel,Acquisition By Channel,Admin Dashboard,admin,Returns user acquisition and order counts grouped by first-touch marketing channel.,,,requires RequirePermission(read_reports)
gateway,GET,/api/v1/admin/analytics/gmv-trend,Gmv Trend,Admin Analytics,admin,"Returns a daily GMV time series over the requested period (7d/30d/90d), cached in Redis for 10 minutes.",,,requires RequirePermission(read_reports)
gateway,GET,/api/v1/admin/analytics/approval-funnel,Approval Funnel,Admin Analytics,admin,Returns order counts grouped by status over the requested period as an approval funnel.,,,requires RequirePermission(read_reports)
gateway,GET,/api/v1/admin/analytics/credit-band-distribution,Credit Band Distribution,Admin Analytics,admin,Returns counts of risk assessments grouped by risk band over the trailing 90 days.,,,requires RequirePermission(read_reports)
gateway,GET,/api/v1/admin/analytics/default-rate-trend,Default Rate Trend,Admin Analytics,admin,Returns a weekly installment default-rate percentage time series over the requested period.,,,requires RequirePermission(read_reports)
gateway,GET,/api/v1/admin/analytics/cohort,Cohort Analysis,Admin Analytics,admin,"Returns monthly user signup cohorts with 30-day retention percentages, limited to the last 12 cohorts.",,,requires RequirePermission(read_reports)
gateway,GET,/api/v1/admin/analytics/custom-report,Custom Report,Admin Analytics,admin,"Runs one of a fixed set of predefined analytical SQL reports (revenue_by_period, user_acquisition, default_summary, installment_collection) over a date range.",,,requires RequirePermission(read_reports)
gateway,GET,/api/v1/admin/analytics/export,Export Analytics,Admin Analytics,admin,"Streams a CSV export of one of several report types (gmv, cohort, default_summary, installment_collection) for a given period.",,,requires RequirePermission(read_reports); returns text/csv attachment
gateway,GET,/api/v1/admin/analytics/executive-summary,Executive Summary,Admin Analytics,admin,"Returns period-over-period GMV, order, user, approval-rate and default-rate growth metrics for an executive summary view.",,,requires RequirePermission(read_reports)
gateway,GET,/api/v1/admin/analytics/geographic,Geographic Distribution,Admin Analytics,admin,"Returns user, order and GMV counts grouped by province.",,,requires RequirePermission(read_reports)
gateway,GET,/api/v1/admin/users,List Admin Users,Admin Users,admin,"Returns a paginated, searchable, sortable list of platform users with credit and order-count summaries.",,,requires RequirePermission(read_user); returns paginated list
gateway,GET,/api/v1/admin/users/closure-requests,List Closure Requests,Admin Users,admin,"Lists account closure/erasure requests, optionally filtered by status, with linked user details.",,,requires RequirePermission(manage_users); returns paginated list
gateway,GET,/api/v1/admin/users/{user_id},Get Admin User Detail,Admin Users,admin,Returns a single user's core detail plus which admin-panel tabs the caller's permissions unlock.,,,requires RequirePermission(read_user)
gateway,GET,/api/v1/admin/users/{user_id}/financial-summary,Get User Financial Summary,Admin Users,admin,"Returns a user's credit limit, available credit, risk band, outstanding balance, active loans and overdue installment counts.",,,requires RequirePermission(read_user_financials)
gateway,GET,/api/v1/admin/users/{user_id}/kyc,Get User Kyc Summary,Admin Users,admin,Returns a user's KYC profile (with CNIC decrypted) and latest verification record.,,,requires RequirePermission(read_user)
gateway,GET,/api/v1/admin/users/{user_id}/activity,Get User Activity,Admin Users,admin,Returns a paginated audit-trail activity feed for a specific user.,,,requires RequirePermission(read_user); returns paginated list
gateway,PUT,/api/v1/admin/users/{user_id}/status,Update User Status,Admin Users,admin,Updates a user's account status (active/suspended/blocked); suspending or blocking immediately revokes all active sessions.,UpdateUserStatusRequest,,requires RequirePermission(manage_users)
gateway,PUT,/api/v1/admin/users/{user_id}/credit-limit,Update User Credit Limit,Admin Users,admin,"Sets a user's credit limit directly, or creates a pending approval request if the new limit exceeds the PKR 100,000 threshold.",UpdateCreditLimitRequest,,requires RequirePermission(update_user)
gateway,GET,/api/v1/admin/users/{user_id}/orders,Get User Orders,Admin Users,admin,Returns a paginated list of a user's orders.,,,requires RequirePermission(read_user); returns paginated list
gateway,GET,/api/v1/admin/users/{user_id}/loans,Get User Loans,Admin Users,admin,"Returns a paginated list of a user's loans with principal, profit and repayment totals.",,,requires RequirePermission(read_user); returns paginated list
gateway,GET,/api/v1/admin/users/{user_id}/installments,Get User Installments,Admin Users,admin,Returns a paginated list of a user's installments across all loans.,,,requires RequirePermission(read_user_financials); returns paginated list
gateway,GET,/api/v1/admin/users/{user_id}/audit-log,Get User Audit Log,Admin Users,admin,Returns a paginated audit-trail log filtered to actions performed on a specific user.,,,requires RequirePermission(read_user); returns paginated list
gateway,GET,/api/v1/admin/users/{user_id}/risk-history,Get User Risk History,Admin Users,admin,Returns a paginated history of risk assessments run for a user.,,,requires RequirePermission(read_user_financials); returns paginated list
gateway,GET,/api/v1/admin/users/{user_id}/risk,Get User Risk History Alias,Admin Users,admin,"Alias of the risk-history endpoint, delegating to the same handler.",,,requires RequirePermission(read_user_financials); alias route
gateway,GET,/api/v1/admin/users/{user_id}/contracts,Get User Contracts,Admin Users,admin,Returns a user's Wakalah and Murabaha contract records.,,,requires RequirePermission(read_user)
gateway,GET,/api/v1/admin/users/{user_id}/devices,Get User Devices,Admin Users,admin,Lists a user's registered push-notification devices.,,,requires RequirePermission(read_user)
gateway,POST,/api/v1/admin/users/{user_id}/force-logout,Force Logout User,Admin Users,admin,Forcibly revokes all of a user's active sessions in Redis and the database.,,,requires RequirePermission(manage_users)
gateway,POST,/api/v1/admin/users/{user_id}/reset-failed-attempts,Reset User Failed Attempts,Admin Users,admin,Clears a user's failed-login counter and any account lockout.,,,requires RequirePermission(update_user)
gateway,POST,/api/v1/admin/users,Create Admin User,Admin Users,admin,"Creates a new user account with a temporary generated password, returned once in the response.",CreateUserRequest,,requires RequirePermission(manage_users)
gateway,POST,/api/v1/admin/users/bulk,Bulk User Action,Admin Users,admin,"Suspends, activates, or blocks up to 200 users in a single call, revoking sessions for suspended/blocked users.",BulkUserActionRequest,,requires RequirePermission(manage_users)
gateway,POST,/api/v1/admin/users/{user_id}/closure-request,Request User Closure,Admin Users,admin,"Opens an account-closure/erasure request with a 30-day cooling-off period, suspending the user and revoking sessions immediately.",ClosureRequestBody,,requires RequirePermission(manage_users)
gateway,POST,/api/v1/admin/users/closure-requests/{request_id}/execute,Execute Closure Request,Admin Users,admin,"Executes a pending closure request by anonymising the user's PII, restricted by a cooling-off period unless the caller is a super_admin.",,,requires RequirePermission(manage_users)
gateway,GET,/api/v1/admin/orders,List Admin Orders,Admin Orders,admin,"Returns a paginated, searchable, sortable list of orders with user phone and product name.",,,requires RequirePermission(read_order); returns paginated list
gateway,GET,/api/v1/admin/orders/summary,Orders Summary,Admin Orders,admin,"Returns aggregate order counts by status plus today's order count, average order value, and GMV.",,,requires RequirePermission(read_order)
gateway,GET,/api/v1/admin/orders/{order_id},Get Admin Order Detail,Admin Orders,admin,"Returns full order detail including user, product, totals and linked loan financial summary.",,,requires RequirePermission(read_order)
gateway,PUT,/api/v1/admin/orders/{order_id}/status,Admin Override Order Status,Admin Orders,admin,"Manually overrides an order's status for HITL resolution, validating the new status against the canonical OrderState set and logging history.",AdminOrderStatusRequest,,requires RequirePermission(manage_orders)
gateway,GET,/api/v1/admin/orders/{order_id}/installments,Get Order Installments,Admin Orders,admin,Lists all installments for the loan attached to an order.,,,requires RequirePermission(manage_orders)
gateway,GET,/api/v1/admin/orders/{order_id}/payments,Get Order Payments,Admin Orders,admin,Lists payment transactions recorded against an order.,,,requires RequirePermission(manage_payments)
gateway,GET,/api/v1/admin/orders/{order_id}/timeline,Get Order Status Timeline,Admin Orders,admin,Returns the chronological status-change history for an order.,,,requires RequirePermission(read_order)
gateway,GET,/api/v1/admin/orders/{order_id}/vcn,Get Order Vcn,Admin Orders,admin,"Returns the virtual card (VCN) issued for an order, or a not_issued status if none exists.",,,requires RequirePermission(manage_orders)
gateway,POST,/api/v1/admin/orders/{order_id}/retry-vcn,Admin Retry Vcn Issuance,Admin Orders,admin,"Re-queues VCN issuance for an order stuck at pending_vcn after a failed issuance, since no automatic retry path exists.",AdminRetryVcnRequest,,requires RequirePermission(manage_orders); enqueues to payment-orchestrator VCN_ISSUE queue
gateway,POST,/api/v1/admin/orders/{order_id}/refund,Request Order Refund,Admin Orders,admin,"Queues a refund request for an order in a refundable status (e.g. delivered, completed).",AdminOrderRefundRequest,,requires RequirePermission(manage_payments); enqueues to PAYMENT_INITIATE queue
gateway,POST,/api/v1/admin/orders/{order_id}/restructure,Restructure Order Loan,Admin Orders,admin,Queues a loan installment-count restructure request for an order's active loan.,AdminOrderRestructureRequest,,requires RequirePermission(manage_orders); enqueues to PAYMENT_INITIATE queue
gateway,POST,/api/v1/admin/orders,Create Manual Order,Admin Orders,admin,"Creates an order manually on behalf of a user (e.g. phone/in-store orders), computing the down payment from the platform default percentage.",CreateManualOrderRequest,,requires RequirePermission(manage_orders)
gateway,GET,/api/v1/admin/orders/{order_id}/communications,Get Order Communications,Admin Orders,admin,Lists notification records sent to the customer that reference this order.,,,requires RequirePermission(read_order)
gateway,GET,/api/v1/admin/payments,List Admin Payments,Admin Payments,admin,"Returns a paginated, searchable, sortable list of payment transactions filterable by gateway and status.",,,requires RequirePermission(manage_payments); returns paginated list
gateway,GET,/api/v1/admin/payments/collections-summary,Collections Summary,Admin Payments,admin,"Returns aggregate installment collection metrics: overdue/pending counts and amounts, today/MTD collections, and on-time payment rate.",,,requires RequirePermission(manage_payments)
gateway,GET,/api/v1/admin/payments/aging-buckets,Aging Buckets,Admin Payments,admin,"Buckets outstanding installments by days-overdue range (current, 1-30, 31-60, 61-90, 90+) with counts and amounts.",,,requires RequirePermission(manage_payments)
gateway,GET,/api/v1/admin/payments/{payment_id},Get Admin Payment Detail,Admin Payments,admin,Returns detail for a single payment transaction including failure code/message if it failed.,,,requires RequirePermission(manage_payments)
gateway,POST,/api/v1/admin/payments/installment/{installment_id}/manual-pay,Manual Pay Installment,Admin Payments,admin,"Manually marks an installment as paid, creating a manual PaymentTransaction record and enqueueing a ledger-sync event.",ManualPayRequest,,requires RequirePermission(manage_payments); enqueues PAYMENT_WEBHOOK event
gateway,POST,/api/v1/admin/payments/installments/{installment_id}/waive-late-fee,Waive Late Fee,Admin Payments,admin,"Waives an installment's late fee, zeroing it out and publishing a ledger adjustment event.",LateFeeWaiverRequest,,requires RequirePermission(manage_payments); enqueues PAYMENT_WEBHOOK event
gateway,GET,/api/v1/admin/installments,List Admin Installments,Admin Installments,admin,"Returns a paginated, filterable (status/user/loan/overdue-only) list of installments across all loans.",,,requires RequirePermission(manage_payments); returns paginated list
gateway,GET,/api/v1/admin/risk/blacklist,List Blacklist,Admin Risk,admin,"Returns a paginated list of risk blacklist entries, optionally filtered by entry type.",,,requires RequirePermission(manage_risk); returns paginated list
gateway,POST,/api/v1/admin/risk/blacklist,Add To Blacklist,Admin Risk,admin,Adds a user/device/ip/phone value to the risk blacklist after checking for duplicates.,BlacklistCreateRequest,,requires RequirePermission(manage_risk)
gateway,DELETE,/api/v1/admin/risk/blacklist/{entry_id},Remove From Blacklist,Admin Risk,admin,Soft-deletes a blacklist entry.,,,requires RequirePermission(manage_risk)
gateway,GET,/api/v1/admin/risk/dashboard,Risk Dashboard,Admin Risk,admin,"Returns fraud-alert counts by severity, review-queue counts by status, average alert resolution time, blacklist size, and SLA-breached review count.",,,requires RequirePermission(read_risk)
gateway,GET,/api/v1/admin/risk/fraud-alerts,List Fraud Alerts,Admin Risk,admin,"Returns a paginated, filterable list of fraud alerts sorted by severity then recency.",,,requires RequirePermission(read_risk); returns paginated list
gateway,GET,/api/v1/admin/risk/fraud-alerts/{alert_id},Get Fraud Alert,Admin Risk,admin,Returns full detail for a single fraud alert including the linked user's risk band and credit limit.,,,requires RequirePermission(read_risk)
gateway,POST,/api/v1/admin/risk/fraud-alerts/{alert_id}/decision,Decide Fraud Alert,Admin Risk,admin,Records an admin's investigation decision (investigating/resolved_genuine/resolved_fraud/false_positive) on a fraud alert.,FraudAlertDecisionRequest,,requires RequirePermission(manage_risk)
gateway,GET,/api/v1/admin/risk/underwriting-queue,List Underwriting Queue,Admin Risk,admin,"Returns a paginated, filterable manual-underwriting review queue with SLA-breach flags.",,,requires RequirePermission(read_risk); returns paginated list
gateway,GET,/api/v1/admin/risk/underwriting-queue/{item_id},Get Underwriting Item,Admin Risk,admin,Returns a review-queue item's detail plus the linked user's context and latest bank-statement analysis.,,,requires RequirePermission(read_risk)
gateway,POST,/api/v1/admin/risk/underwriting-queue/{item_id}/decision,Decide Underwriting Item,Admin Risk,admin,"Records an admin decision (in_review/resolved/escalated) on a manual underwriting review item, optionally self-assigning it.",UnderwritingDecisionRequest,,requires RequirePermission(manage_risk)
gateway,GET,/api/v1/admin/risk/credit-policy,Get Credit Policy,Admin Risk,admin,Returns the subset of system parameters that make up the credit policy.,,,requires RequirePermission(read_risk); delegates to admin_system get_system_parameters
gateway,PUT,/api/v1/admin/risk/credit-policy,Update Credit Policy,Admin Risk,admin,"Updates credit-policy system parameters, rejecting any key outside the known credit-policy key set.",UpdateCreditPolicyRequest,,requires RequirePermission(manage_risk); delegates to admin_system update_system_parameters
gateway,GET,/api/v1/admin/approval-requests,List Approval Requests,Admin Approvals,admin,"Returns a paginated list of manager-approval requests (e.g. credit-limit increases), filterable by status and type.",,,requires RequirePermission(manage_users); returns paginated list
gateway,GET,/api/v1/admin/approval-requests/{request_id},Get Approval Request,Admin Approvals,admin,Returns a single approval request's detail.,,,requires RequirePermission(manage_users)
gateway,POST,/api/v1/admin/approval-requests/{request_id}/decision,Decide Approval Request,Admin Approvals,admin,Approves or rejects a pending approval request (e.g. applying a credit-limit increase); the requesting admin cannot approve their own request.,ApprovalDecisionRequest,,requires RequirePermission(manage_users)
gateway,GET,/api/v1/admin/finance/pnl,Profit And Loss,Admin Financial Ops,admin,Returns a monthly GMV/platform-profit/product-cost P&L series plus totals including late-fee income and charity allocations.,,,requires RequirePermission(read_financials)
gateway,GET,/api/v1/admin/finance/credit-loss,Credit Loss,Admin Financial Ops,admin,Returns defaulted/written-off/active loan exposure totals plus a provision estimate computed from the configured provision rate.,,,requires RequirePermission(read_financials)
gateway,GET,/api/v1/admin/finance/tax-summary,Tax Summary,Admin Financial Ops,admin,Computes taxable platform profit and GST liability for a trailing period using the configured GST rate.,,,requires RequirePermission(read_financials)
gateway,POST,/api/v1/admin/finance/tax-summary/generate,Generate Tax Summary Filing,Admin Financial Ops,admin,Snapshots the current tax summary as a regulatory FBR GST-return filing record.,,,requires RequirePermission(manage_financials)
gateway,GET,/api/v1/admin/notifications,List Notifications,Admin Notifications,admin,"Returns a paginated list of notification records, filterable by category and status.",,,requires RequirePermission(read_reports); returns paginated list
gateway,GET,/api/v1/admin/notifications/summary,Notifications Summary,Admin Notifications,admin,Returns notification counts by status and per-channel dispatch counts by status.,,,requires RequirePermission(read_reports)
gateway,GET,/api/v1/admin/notifications/templates,List Templates,Admin Notifications,admin,"Lists all notification templates across event types, channels and languages.",,,requires RequirePermission(read_reports)
gateway,POST,/api/v1/admin/notifications/templates,Create Template,Admin Notifications,admin,Creates a new notification template for an event type/channel/language combination.,TemplateRequest,,requires RequirePermission(manage_system)
gateway,PUT,/api/v1/admin/notifications/templates/{template_id},Update Template,Admin Notifications,admin,Updates a notification template's subject/body and bumps its version.,TemplateRequest,,requires RequirePermission(manage_system)
gateway,POST,/api/v1/admin/notifications/broadcast,Broadcast Notification,Admin Notifications,admin,"Creates and enqueues a notification to a user segment (all active, pending KYC, or a specific list), capped at 5000 recipients.",BroadcastRequest,,requires RequirePermission(manage_system); enqueues per-channel notification queues
gateway,GET,/api/v1/admin/documents,List Documents,Admin Documents,admin,"Returns a paginated list of uploaded user documents, filterable by status and document type.",,,requires RequirePermission(manage_kyc_queue); returns paginated list
gateway,GET,/api/v1/admin/documents/{document_id},Get Document Detail,Admin Documents,admin,Returns full detail for a single uploaded document including its storage path and verification notes.,,,requires RequirePermission(manage_kyc_queue)
gateway,POST,/api/v1/admin/documents/{document_id}/decision,Decide Document,Admin Documents,admin,Marks a document verified or rejected with optional notes.,DocumentDecisionRequest,,requires RequirePermission(manage_kyc_queue)
gateway,GET,/api/v1/admin/documents/summary/counts,Document Summary,Admin Documents,admin,Returns document counts grouped by status.,,,requires RequirePermission(manage_kyc_queue)
gateway,GET,/api/v1/admin/logs/errors,List Error Logs,Admin Logs,admin,"Returns a paginated list of application error log entries, filterable by service and severity.",,,requires RequirePermission(read_reports); returns paginated list
gateway,GET,/api/v1/admin/logs/background-jobs,List Background Jobs,Admin Logs,admin,"Returns a list of background job execution records, filterable by status.",,,requires RequirePermission(read_reports)
gateway,GET,/api/v1/admin/logs/scheduled-tasks,List Scheduled Tasks,Admin Logs,admin,Lists configured scheduled/cron tasks with their last and next run times and status.,,,requires RequirePermission(read_reports)
gateway,GET,/api/v1/admin/logs/summary,Logs Summary,Admin Logs,admin,Returns error counts by severity over the last 24 hours and background job counts by status.,,,requires RequirePermission(read_reports)
gateway,GET,/api/v1/admin/reports,List Generated Reports,Admin Reporting Engine,admin,"Returns a paginated list of generated regulatory reports, filterable by report type.",,,requires RequirePermission(read_reports); returns paginated list
gateway,GET,/api/v1/admin/reports/summary,Reports Summary,Admin Reporting Engine,admin,Returns report counts grouped by type with the last-generated timestamp for each.,,,requires RequirePermission(read_reports)
gateway,GET,/api/v1/admin/developer/api-keys,List Api Keys,Admin Developer Tools,admin,Lists all partner/merchant API keys with scopes and usage metadata (key hash never returned).,,,requires RequirePermission(manage_system)
gateway,POST,/api/v1/admin/developer/api-keys,Create Api Key,Admin Developer Tools,admin,"Generates a new partner API key, returning the full raw key exactly once.",CreateApiKeyRequest,,requires RequirePermission(manage_system); raw key shown only in this response
gateway,DELETE,/api/v1/admin/developer/api-keys/{key_id},Revoke Api Key,Admin Developer Tools,admin,Deactivates an API key.,,,requires RequirePermission(manage_system)
gateway,GET,/api/v1/admin/developer/webhooks,List Webhooks,Admin Developer Tools,admin,Lists configured outbound merchant webhooks and their subscribed event types.,,,requires RequirePermission(manage_system)
gateway,GET,/api/v1/admin/developer/integration-logs,List Integration Logs,Admin Developer Tools,admin,"Returns a paginated log of outbound integration calls, filterable by service name and success status.",,,requires RequirePermission(manage_system); returns paginated list
gateway,GET,/api/v1/admin/developer/summary,Developer Summary,Admin Developer Tools,admin,Returns counts of active API keys and webhooks plus the 24-hour integration call success rate.,,,requires RequirePermission(manage_system)
gateway,GET,/api/v1/admin/marketing/campaigns,List Campaigns,Admin Marketing,admin,"Lists marketing campaigns with budget and spend, optionally filtered by status.",,,requires RequirePermission(read_marketing)
gateway,POST,/api/v1/admin/marketing/campaigns,Create Campaign,Admin Marketing,admin,"Creates a new marketing campaign in draft status for a given channel, budget and date range.",CampaignRequest,,requires RequirePermission(manage_system)
gateway,GET,/api/v1/admin/marketing/promo-codes,List Promo Codes,Admin Marketing,admin,"Lists promotional/discount codes, optionally filtered to active-only.",,,requires RequirePermission(read_marketing)
gateway,POST,/api/v1/admin/marketing/promo-codes,Create Promo Code,Admin Marketing,admin,Creates a new promotional code after checking the code is not already in use.,PromoCodeRequest,,requires RequirePermission(manage_system)
gateway,GET,/api/v1/admin/marketing/referrals/summary,Referrals Summary,Admin Marketing,admin,Returns referral counts by status and total referral rewards paid out.,,,requires RequirePermission(read_marketing)
gateway,GET,/api/v1/admin/marketing/ab-tests,List Ab Tests,Admin Marketing,admin,"Lists A/B test experiments with their variants, status and winning variant.",,,requires RequirePermission(read_marketing)
gateway,GET,/api/v1/admin/system/parameters,Get System Parameters,Admin System,admin,"Returns all system configuration parameters (defaults merged with DB overrides), cached in Redis with version-based invalidation.",,,requires RequirePermission(manage_system)
gateway,PUT,/api/v1/admin/system/parameters,Update System Parameters,Admin System,admin,"Bulk-updates multiple system parameters by key, rejecting any key not in the known default set, and invalidates the parameter cache.",UpdateParametersRequest,,requires RequirePermission(manage_system)
gateway,PUT,/api/v1/admin/system/parameters/{key},Update Single Parameter,Admin System,admin,Updates a single named system parameter by key.,SingleParameterUpdate,,requires RequirePermission(manage_system)
gateway,GET,/api/v1/admin/system/integrations,List Integrations,Admin System,admin,Lists configured third-party integrations with their health status and configuration.,,,requires RequirePermission(manage_system)
gateway,PUT,/api/v1/admin/system/integrations/{integration_id},Update Integration,Admin System,admin,Updates a third-party integration's status and configuration.,UpdateIntegrationRequest,,requires RequirePermission(manage_system)
gateway,GET,/api/v1/admin/system/health,System Health,Admin System,admin,"Returns a live DB/Redis health dashboard plus latest recorded system metrics, background-job queue depth, and 24h failed-job count.",,,requires RequirePermission(manage_system)
gateway,GET,/api/v1/admin/audit-trail,Global Audit Trail,Admin Compliance,admin,"Returns a paginated, filterable (module/action) global audit-trail log, mounted separately from the /admin/compliance prefix.",,,requires RequirePermission(read_audit); returns paginated list
gateway,GET,/api/v1/admin/compliance/audit-trail,Compliance Audit Trail,Admin Compliance,admin,"Alias of the global audit trail endpoint under the compliance prefix, delegating to the same handler.",,,requires RequirePermission(read_audit); alias route
gateway,GET,/api/v1/admin/compliance/shariah-audit,Shariah Audit Summary,Admin Compliance,admin,Returns charity-allocation totals from late fees and a count of Murabaha/Wakalah contract sequencing violations for Shariah compliance.,,,requires RequirePermission(read_compliance)
gateway,GET,/api/v1/admin/compliance/charity-audit,Charity Audit Trail,Admin Compliance,admin,Returns a paginated audit trail of late-fee charity allocations and disbursements.,,,requires RequirePermission(read_compliance); returns paginated list
gateway,GET,/api/v1/admin/compliance/charity-report,Charity Report,Admin Compliance,admin,Returns allocation and disbursement totals grouped by charity organisation.,,,requires RequirePermission(read_compliance)
gateway,GET,/api/v1/admin/compliance/financial-summary,Financial Summary,Admin Compliance,admin,Returns total payment volume and transaction count across the platform.,,,requires read_financials or read_reports permission (manual check)
gateway,GET,/api/v1/admin/compliance/reconciliation,Reconciliation Summary,Admin Compliance,admin,Returns counts of reconciled vs unreconciled payment transactions.,,,requires read_reconciliation or read_reports permission (manual check)
gateway,GET,/api/v1/admin/compliance/critical-actions,Critical Actions Feed,Admin Compliance,admin,Returns a paginated feed of audit-trail entries flagged with critical severity.,,,requires RequirePermission(read_audit); returns paginated list
gateway,GET,/api/v1/admin/compliance/regulatory-calendar,Regulatory Calendar,Admin Compliance,admin,"Computes next-due dates for each regulatory filing type based on its cadence and the most recent filing, flagging overdue filings.",,,requires RequirePermission(read_compliance)
gateway,GET,/api/v1/admin/compliance/data-privacy,Data Privacy Panel,Admin Compliance,admin,"Returns data-deletion request counts by status, consent-decision summaries, and the 10 most recent deletion requests.",,,requires RequirePermission(read_compliance)
gateway,GET,/api/v1/admin/compliance/shariah-board-approvals,List Shariah Board Approvals,Admin Compliance,admin,Lists recorded Shariah board approvals for Murabaha contract template versions.,,,requires RequirePermission(read_compliance)
gateway,POST,/api/v1/admin/compliance/shariah-board-approvals,Record Shariah Board Approval,Admin Compliance,admin,"Records (or updates, if the template_version already exists) a Shariah board approval for a Murabaha contract template version.",ShariahBoardApprovalRequest,,requires RequirePermission(manage_compliance); backs MurabahaContract.validated_by_shariah_board
gateway,POST,/api/v1/cart/items,Add Cart Item,cart,customer,"Adds a product (by URL) to the user's cart, triggering extraction and returning the resulting order offer.",CartItemAddRequest,CartItemView,201 Created
gateway,GET,/api/v1/cart,Get Cart,cart,customer,Returns the current user's active cart with its items.,,CartResponse,
gateway,DELETE,/api/v1/cart/items/{cart_item_id},Remove Cart Item,cart,customer,Removes an item from the user's cart.,,,204 No Content
gateway,POST,/api/v1/cart/checkout,Checkout Cart,cart,customer,Checks out the user's cart into an order with the chosen installment count.,CartCheckoutRequest,CartCheckoutResponse,
gateway,POST,/api/v1/contracts/wakalah/generate,Generate Wakalah,contracts,customer,Generates a Wakalah (agency) agreement for an order and sends an OTP for signing.,WakalahGenerateRequest,WakalahGenerateResponse,
gateway,POST,/api/v1/contracts/wakalah/sign,Sign Wakalah,contracts,customer,Signs a generated Wakalah agreement after OTP verification and records an audit event.,WakalahSignRequest,ContractSignResponse,
gateway,POST,/api/v1/contracts/murabaha/generate,Generate Murabaha,contracts,customer,Generates a Murabaha (sale) contract with cost/profit/price disclosure; requires the order's Wakalah agreement to already be signed.,MurabahaGenerateRequest,MurabahaGenerateResponse,403 if Wakalah not yet signed
gateway,POST,/api/v1/contracts/murabaha/sign,Sign Murabaha,contracts,customer,"Signs a generated Murabaha contract after OTP and checkbox confirmation, then publishes a loan.created event once committed.",MurabahaSignRequest,ContractSignResponse,publishes loan.created event post-commit
gateway,GET,/api/v1/contracts/admin/wakalah,List Wakalah,contracts,admin,"Lists Wakalah agreements with pagination, filterable by user and signed status.",,,requires RequirePermission(read_order); returns paginated list
gateway,GET,/api/v1/contracts/admin/murabaha,List Murabaha,contracts,admin,"Lists Murabaha contracts with pagination, filterable by user and signed status.",,,requires RequirePermission(read_order); returns paginated list
gateway,GET,/api/v1/contracts/admin/{contract_type}/{contract_id}/pdf,Get Contract Pdf,contracts,admin,Returns a pre-signed download URL for a contract PDF and logs the admin access as an audit event.,,,requires RequirePermission(read_order)
gateway,GET,/api/v1/contracts/{contract_type}/{contract_id}/download,Download Contract Pdf,contracts,customer,Returns a pre-signed download URL for the current user's own signed contract PDF.,,,403 if contract not yet signed
gateway,GET,/api/v1/contracts/{order_id},Get Contract Status,contracts,customer,Returns Wakalah/Murabaha signing status and financial disclosure for an order's contracts.,,ContractStatusResponse,
gateway,GET,/api/v1/contracts/{contract_type}/{contract_id}/verify,Verify Contract Integrity,contracts,customer,Recomputes the SHA-256 hash of a stored contract PDF and compares it to the hash recorded at signing time to verify integrity.,,,
gateway,POST,/api/v1/orders/initiate,Initiate Order,orders,customer,"Starts a new order from a merchant product URL, kicking off async extraction.",OrderInitiateRequest,OrderInitiateResponse,
gateway,GET,/api/v1/orders/{order_id}/offer,Get Order Offer,orders,customer,Returns the BNPL offer (pricing/installment plan) generated for an order.,,OrderOfferResponse,
gateway,POST,/api/v1/orders/{order_id}/accept,Accept Order Offer,orders,customer,"Accepts an order's offer with a chosen installment count, moving the order toward contract signing.",OrderAcceptRequest,OrderDetailResponse,
gateway,GET,/api/v1/orders,List My Orders,orders,customer,"Lists the current user's orders, optionally filtered by status.",,list[OrderSummary],
gateway,GET,/api/v1/orders/{order_id},Get My Order Detail,orders,customer,Returns detail for one of the current user's own orders.,,OrderDetailResponse,
gateway,GET,/api/v1/orders/{order_id}/tracking,Get Order Tracking,orders,customer,"Returns shipment and latest tracking-event detail for an order, or a not-yet-dispatched message.",,,
gateway,GET,/api/v1/orders/{order_id}/agent-status,Get Agent Status Stream,orders,customer,"Streams live checkout-agent progress via Server-Sent Events by proxying product-service's internal SSE job stream, after verifying order ownership.",,,proxies product-service internal endpoint; SSE streaming response
gateway,POST,/api/v1/orders/{order_id}/cancel,Cancel Order,orders,customer,"Cancels an order in a cancellable pre-fulfillment state, restores any reserved credit, soft-deletes any signed-but-uncollected loan/installments, and notifies payment-orchestrator to void the VCN.",,,publishes order.cancelled event and NOTIFICATION_SMS job
gateway,GET,/api/v1/orders/{order_id}/receipt,Get Order Receipt,orders,customer,Generates a PDF order receipt (with Murabaha financing disclosure if applicable) and returns a pre-signed download URL.,,,generates PDF on the fly via reportlab
gateway,POST,/api/v1/payments/vcn/issue,Issue Vcn,payments,customer,"Requests virtual-card (VCN) issuance for an order once its down payment is confirmed, queuing the job for payment-orchestrator.",VcnIssueRequest,VcnIssueResponse,"in non-production, simulates full fulfillment (card, shipment) synchronously"
gateway,POST,/api/v1/payments/down-payment,Create Down Payment,payments,customer,"Initiates a down payment for a signed order (or its shared cart loan), validating the amount and guarding against duplicate initiation with idempotency and row locking.",DownPaymentRequest,DownPaymentResponse,"in non-production, auto-confirms since no real gateway webhook arrives locally"
gateway,GET,/api/v1/payments/schedule/{order_id},Get Payment Schedule,payments,customer,Returns the full installment repayment schedule for the loan behind an order.,,PaymentScheduleResponse,
gateway,POST,/api/v1/payments/installment/{installment_id}/pay,Pay Installment,payments,customer,"Submits payment for a specific installment by ID in the path, validating the amount against the expected total.",InstallmentPayBody,DownPaymentResponse,
gateway,POST,/api/v1/payments/installment/pay,Pay Installment Legacy,payments,customer,Legacy variant of installment payment that takes installment_id in the request body instead of the path.,InstallmentPayRequest,DownPaymentResponse,legacy/compatibility alias
gateway,GET,/api/v1/payments/vcn/status/{order_id},Vcn Status,payments,customer,Returns the current virtual-card issuance status for an order.,,,
gateway,POST,/api/v1/payments/installment/retry,Retry Failed Installment,payments,customer,Retries a previously failed installment payment; functionally identical to the legacy pay endpoint.,InstallmentPayRequest,DownPaymentResponse,
gateway,POST,/api/v1/payments/refund/{order_id},Request Customer Refund,payments,customer,"Lets a customer request a refund for their own order in a refundable status, queuing the request for payment-orchestrator.",RefundRequest,,enqueues PAYMENT_INITIATE queue
gateway,GET,/api/v1/payments/methods,List Payment Methods,payments,customer,"Lists the current user's saved payment methods, default first.",,list[PaymentMethodResponse],
gateway,POST,/api/v1/payments/methods,Add Payment Method,payments,customer,Saves a new tokenized payment method for the current user (first one added becomes default).,PaymentMethodCreateRequest,PaymentMethodResponse,201 Created; dev-only placeholder tokenization
gateway,DELETE,/api/v1/payments/methods/{method_id},Remove Payment Method,payments,customer,"Removes a saved payment method, reassigning default status to the next most recent one if needed.",,,204 No Content
gateway,POST,/api/v1/payments/methods/{method_id}/default,Set Default Payment Method,payments,customer,"Marks one of the user's saved payment methods as the default, unsetting all others.",,PaymentMethodResponse,
gateway,GET,/api/v1/credit/status,Credit Status,credit,customer,"Returns the current user's credit limit, available credit, risk band and next review date, computed from fresh DB values with fallbacks to latest risk assessment/limit history.",,,
gateway,GET,/api/v1/credit/history,Credit History,credit,customer,Returns a paginated history of the current user's credit limit changes.,,,returns paginated list
gateway,POST,/api/v1/internal/orders/{order_id}/product-extracted,Product Extracted Callback,internal,internal,"Callback from product-service reporting successful product extraction; applies pricing, reserves credit, and advances order status via the shared apply_product_extraction_result logic.",ProductExtractedPayload,,internal-only (X-Internal-Token); HTTP counterpart of the Redis event path
gateway,POST,/api/v1/internal/orders/{order_id}/extraction-failed,Extraction Failed Callback,internal,internal,Callback marking an order's product extraction as failed and recording the reason in status history.,ExtractionFailedPayload,,internal-only (X-Internal-Token)
gateway,POST,/api/v1/internal/payments/{payment_id}/confirm,Payment Confirmed Callback,internal,internal,Callback from payment-orchestrator confirming or failing a payment transaction; advances or reverts order status for down payments across all orders sharing the transaction's loan.,PaymentConfirmedPayload,,internal-only (X-Internal-Token); called by payment-orchestrator's transactional outbox
gateway,POST,/api/v1/internal/users/{user_id}/credit-result,Credit Result Callback,internal,internal,"Callback from credit-engine pushing back a credit assessment result, updating the user's limit/risk band and writing RiskAssessment/CreditLimitHistory rows.",CreditResultPayload,,internal-only (X-Internal-Token)
gateway,POST,/api/v1/internal/credit/update-result,Credit Update Result Callback,internal,internal,"Alternate-shape credit result callback that takes user_id in the body instead of the path, normalizing to the same handler.",CreditUpdateResultPayload,,internal-only (X-Internal-Token); alias route
gateway,POST,/api/v1/internal/orders/{order_id}/shipment-registered,Shipment Registered Callback,internal,internal,Callback registering a new shipment for an order and advancing its status to delivery_pending.,ShipmentRegisteredPayload,,internal-only (X-Internal-Token)
gateway,POST,/api/v1/internal/shipment/register,Shipment Register Callback,internal,internal,"Alternate-shape shipment registration callback taking order_id in the body, normalizing to the same handler.",ShipmentRegisterPayload,,internal-only (X-Internal-Token); alias route
gateway,POST,/api/v1/internal/orders/{order_id}/checkout-status,Checkout Status Callback,internal,internal,"Callback from product-service reporting checkout-bot execution result; on failure, creates a HITL queue entry with a 4-hour SLA deadline for manual intervention.",CheckoutStatusPayload,,internal-only (X-Internal-Token)
gateway,POST,/api/v1/webhooks/payment/jazzcash,Jazzcash Webhook,webhooks,webhook,"Receives JazzCash payment webhooks, verifies the HMAC-SHA256 signature, and enqueues a payment-received job for payment-orchestrator with DB+Redis dedup.",,,webhook signature verification (HMAC); no auth token
gateway,POST,/api/v1/webhooks/payment/safepay,Safepay Webhook,webhooks,webhook,"Receives Safepay payment webhooks, verifies the HMAC-SHA256 signature, and enqueues a payment-received job with DB+Redis dedup.",,,webhook signature verification (HMAC); no auth token
gateway,POST,/api/v1/webhooks/payment/stripe,Stripe Webhook,webhooks,webhook,"Receives Stripe webhooks (VCN/issuing and payment-intent events), verifies the Stripe-Signature header, and enqueues routable event types for payment-orchestrator.",,,webhook signature verification (Stripe HMAC scheme); no auth token
gateway,GET,/api/v1/admin/partners/merchants,List Merchants,Admin Partners,admin,"Returns a paginated, searchable list of merchants with product counts, filterable by status.",,,requires RequirePermission(read_partners); returns paginated list
gateway,GET,/api/v1/admin/partners/merchants/{merchant_id},Get Merchant Detail,Admin Partners,admin,Returns a merchant's detail including partnership terms and aggregate order count/GMV.,,,requires RequirePermission(read_partners)
gateway,PUT,/api/v1/admin/partners/merchants/{merchant_id}/status,Update Merchant Status,Admin Partners,admin,Activates or suspends a merchant.,MerchantStatusRequest,,requires RequirePermission(manage_partners)
gateway,PUT,/api/v1/admin/partners/merchants/{merchant_id}/partnership,Update Partnership Terms,Admin Partners,admin,"Updates a merchant's partnership type, commission rate, payment terms and minimum volume commitment.",PartnershipTermsRequest,,requires RequirePermission(manage_partners)
gateway,GET,/api/v1/admin/partners/merchants/{merchant_id}/performance,Merchant Performance,Admin Partners,admin,"Returns a daily time series of a merchant's checkout success rate, average checkout time, captcha failure and ban rates.",,,requires RequirePermission(read_partners)
gateway,GET,/api/v1/admin/partners/onboarding-applications,List Onboarding Applications,Admin Partners,admin,"Lists merchant onboarding applications, optionally filtered by status.",,,requires RequirePermission(read_partners)
gateway,POST,/api/v1/admin/partners/onboarding-applications,Create Onboarding Application,Admin Partners,admin,Creates a new merchant onboarding application in pending status.,OnboardingApplicationRequest,,requires RequirePermission(manage_partners)
gateway,POST,/api/v1/admin/partners/onboarding-applications/{application_id}/decision,Decide Onboarding Application,Admin Partners,admin,Approves (creating a live merchant record) or rejects a pending onboarding application.,OnboardingDecisionRequest,,requires RequirePermission(manage_partners)
gateway,GET,/api/v1/admin/partners/merchants/{merchant_id}/commission-summary,Merchant Commission Summary,Admin Partners,admin,Returns a merchant's accrued and paid-out commission totals plus its 10 most recent payouts.,,,requires RequirePermission(read_partners)
gateway,POST,/api/v1/admin/partners/merchants/{merchant_id}/payouts,Initiate Merchant Payout,Admin Partners,admin,"Initiates a payout of all currently accrued commission for a merchant over a given period, marking those accruals paid_out.",InitiatePayoutRequest,,requires RequirePermission(manage_partners)
gateway,GET,/api/v1/admin/support/tickets,List Support Tickets,Admin Support,admin,"Returns a paginated list of support tickets, optionally filtered by status.",,,requires RequirePermission(read_support); returns paginated list
gateway,GET,/api/v1/admin/support/tickets/{ticket_id},Get Ticket Detail,Admin Support,admin,Returns a support ticket's full detail plus its message thread.,,,requires RequirePermission(read_support)
gateway,POST,/api/v1/admin/support/tickets/{ticket_id}/assign,Assign Ticket,Admin Support,admin,Assigns a support ticket to an admin and moves it to in_progress.,TicketAssignRequest,,requires RequirePermission(manage_support)
gateway,POST,/api/v1/admin/support/tickets/{ticket_id}/resolve,Resolve Ticket,Admin Support,admin,Marks a ticket resolved and records the resolution note as an agent message.,TicketResolveRequest,,requires RequirePermission(manage_support)
gateway,POST,/api/v1/admin/support/tickets/{ticket_id}/close,Close Ticket,Admin Support,admin,Closes a support ticket.,,,requires RequirePermission(manage_support)
gateway,GET,/api/v1/admin/support/dashboard,Support Dashboard,Admin Support,admin,"Returns ticket counts by status and category, SLA-breached count, and 30-day average resolution time.",,,requires RequirePermission(read_support)
gateway,GET,/api/v1/admin/support/csat,Csat Summary,Admin Support,admin,"Returns customer satisfaction survey response count, average score, CSAT percentage and score distribution over a trailing window.",,,requires RequirePermission(read_support)
gateway,GET,/api/v1/admin/support/canned-responses,List Canned Responses,Admin Support,admin,"Lists canned support responses, optionally filtered by category and active status.",,,requires RequirePermission(read_support)
gateway,POST,/api/v1/admin/support/canned-responses,Create Canned Response,Admin Support,admin,Creates a new canned response template.,CannedResponseRequest,,requires RequirePermission(manage_support)
gateway,PUT,/api/v1/admin/support/canned-responses/{response_id},Update Canned Response,Admin Support,admin,"Updates a canned response's title, body, category and language.",CannedResponseRequest,,requires RequirePermission(manage_support)
gateway,DELETE,/api/v1/admin/support/canned-responses/{response_id},Deactivate Canned Response,Admin Support,admin,Deactivates a canned response without deleting it.,,,requires RequirePermission(manage_support)
gateway,GET,/api/v1/admin/admins,List Admins,Admin Users Management,admin,"Returns a paginated list of admin accounts with their role, MFA status, and lockout state.",,,requires RequirePermission(manage_admins); returns paginated list
gateway,GET,/api/v1/admin/admins/role-hierarchy,Role Hierarchy,Admin Users Management,admin,Returns the reference table of the 8 canonical admin roles and their permission sets.,,,requires RequirePermission(manage_admins)
gateway,GET,/api/v1/profile/notifications,Get Notification Preferences,profile,customer,"Returns the current user's notification channel preferences, defaulting to opt-in for transactional and opt-out for marketing if no row exists.",,,
gateway,PUT,/api/v1/profile/notifications,Update Notification Preferences,profile,customer,Upserts the current user's notification channel preferences.,NotificationPreferencesRequest,,
gateway,GET,/api/v1/profile/referrals,Get Referral Stats,profile,customer,Returns the current user's referral code and count of users they have referred.,,,
gateway,GET,/api/v1/notifications,List Notifications,notifications,customer,"Returns a paginated list of the current user's in-app notifications with unread count, optionally filtered to unread only.",,NotificationListResponse,returns paginated list
gateway,POST,/api/v1/notifications/{notification_id}/read,Mark Notification Read,notifications,customer,Marks a single notification as read for the current user.,,NotificationItem,
gateway,POST,/api/v1/notifications/read-all,Mark All Notifications Read,notifications,customer,Marks all of the current user's unread notifications as read.,,,204 No Content
gateway,POST,/api/v1/support/tickets,Create Ticket,support,customer,"Creates a new support ticket, optionally linked to an order or loan the user owns, with an initial message.",TicketCreateRequest,TicketDetail,201 Created
gateway,GET,/api/v1/support/tickets,List My Tickets,support,customer,"Lists the current user's own support tickets, optionally filtered by category.",,list[TicketSummary],
gateway,GET,/api/v1/support/tickets/{ticket_id},Get My Ticket,support,customer,Returns a support ticket owned by the current user with its non-internal message thread.,,TicketDetail,
gateway,POST,/api/v1/support/tickets/{ticket_id}/messages,Add Ticket Message,support,customer,"Adds a customer reply to their own ticket, reopening it if it was resolved or waiting on the user.",TicketMessageCreateRequest,TicketMessageItem,201 Created
product-service,GET,/health,Health Check,health,public,Liveness/readiness summary reporting overall status plus Redis connectivity.,,,not under /api/v1 prefix; mounted directly on app
product-service,GET,/health/live,Health Live,health,public,Bare liveness probe returning a static ok status.,,,not under /api/v1 prefix; mounted directly on app
product-service,GET,/health/ready,Health Ready,health,public,"Readiness probe checking DB, Redis, event-listener task health and checkout/scraping queue and DLQ depth, returning 503 if not ready.",,,not under /api/v1 prefix; mounted directly on app
product-service,POST,/api/v1/products/extract,Extract Product,products,customer,"Submits a merchant product URL for extraction, either synchronously returning a cached/fresh result or enqueuing a scraping job.",ExtractRequest,ExtractResponse,current_user_id is optional (Depends(get_current_user_id))
product-service,GET,/api/v1/products/jobs/{job_id},Get Job Status,products,customer,"Returns the status of a product-extraction scraping job by ID, scoped to the requesting user.",,JobStatusResponse,requires require_user_id
product-service,GET,/api/v1/products,List User Products,products,customer,Returns a cursor-paginated list of products the current user has previously extracted.,,SearchResponse,requires require_user_id; returns paginated list
product-service,GET,/api/v1/products/search,Search Products,products,public,"Full-text searches the product catalog by query string, cursor-paginated.",,SearchResponse,returns paginated list
product-service,GET,/api/v1/products/{upo_id},Get Product Detail,products,public,Returns full product detail plus its recent scraping jobs and checkout executions.,,ProductDetailResponse,
product-service,POST,/api/v1/products/{upo_id}/refresh,Refresh Product,products,internal,Re-queues a fresh extraction job for an already-known product.,ProductRefreshRequest,,requires require_service_token
product-service,GET,/api/v1/products/{upo_id}/offer,Get Offer,products,internal,"Computes Murabaha financing offer(s) for a product at a given down-payment percentage and optional plan length, gated on Shariah-board approval and stock status.",,SingleOfferResponse or MultipleOffersResponse,requires require_service_token
product-service,GET,/api/v1/products/{upo_id}/price-history,Get Price History,products,internal,Returns the recorded price-change history for a product.,,PriceHistoryResponse,requires require_service_token
product-service,GET,/api/v1/products/agent/order/{order_id}/latest,Get Latest Execution For Order,checkout-agent,internal,"Looks up the most recent checkout-agent execution for an order, bridging Gateway's order_id-based lookup to the job_id-keyed SSE stream below.",,AgentLatestExecutionResponse,requires require_service_token
product-service,POST,/api/v1/products/agent/queue-job,Queue Checkout Job,checkout-agent,internal,Queues a new automated checkout-agent job for an order/VCN pair.,AgentQueueRequest,AgentQueueResponse,requires require_service_token
product-service,GET,/api/v1/products/agent/job/{job_id}/stream,Stream Job Status,checkout-agent,internal,Streams checkout-agent job progress as Server-Sent Events by polling the execution row every 0.5s for up to 60s.,,,"requires require_service_token; SSE streaming response, polled by Gateway's proxy"
product-service,POST,/api/v1/products/agent/job/{job_id}/cancel,Cancel Checkout Job,checkout-agent,internal,Cancels an in-progress checkout-agent job.,,,requires require_service_token
product-service,GET,/api/v1/products/agent/job/{job_id}/screenshot,Get Checkout Screenshot,checkout-agent,internal,Redirects to the stored screenshot (receipt or failure) for a checkout-agent job.,,,requires require_service_token; 302 redirect to S3 URL
product-service,GET,/api/v1/admin/products,List Products,admin,internal,Returns a cursor-paginated list of all products in the catalog for the admin panel.,,AdminProductListResponse,requires require_service_token; returns paginated list
product-service,GET,/api/v1/admin/products/{product_uuid},Get Product,admin,internal,Returns full admin detail for a product plus its recent scraping jobs and checkout executions.,,AdminProductDetailResponse,requires require_service_token
product-service,PATCH,/api/v1/admin/products/{product_uuid},Patch Product,admin,internal,"Partially updates product fields, logging an audit event of before/after values.",AdminProductPatchRequest,,requires require_service_token; optional admin_id for audit attribution
product-service,POST,/api/v1/admin/products/{product_uuid}/prohibit,Prohibit Product,admin,internal,"Marks a product prohibited with a reason, logging an audit event.",ProhibitProductRequest,AdminProductActionResponse,requires require_service_token
product-service,POST,/api/v1/admin/products/{product_uuid}/unpromote,Unpromote Product,admin,internal,Resets a product's extraction confidence to a low value (0.10).,,,requires require_service_token; described in code as a mock unpromotion
product-service,DELETE,/api/v1/admin/products/{product_uuid},Delete Product,admin,internal,"Soft-deletes a product, logging an audit event.",,AdminProductActionResponse,requires require_service_token
product-service,GET,/api/v1/admin/executions,List Executions,admin,internal,"Returns a cursor-paginated list of checkout-agent executions, optionally filtered by product.",,AdminExecutionListResponse,requires require_service_token; returns paginated list
product-service,POST,/api/v1/admin/executions/{execution_uuid}/retry,Retry Execution,admin,internal,"Retries a failed or stuck checkout execution, reaping it first via ExecutionReaperService if it's been running long enough to be considered stuck.",,AdminExecutionRetryResponse,requires require_service_token
product-service,GET,/api/v1/admin/scraping-jobs,List Scraping Jobs,admin,internal,"Returns a cursor-paginated list of scraping jobs, optionally filtered by status.",,AdminScrapingJobsListResponse,requires require_service_token; returns paginated list
product-service,GET,/api/v1/admin/prohibited-categories,List Prohibited Categories,admin,internal,Lists all prohibited product categories and their keyword lists.,,ProhibitedCategoryListResponse,requires require_service_token
product-service,POST,/api/v1/admin/prohibited-categories,Upsert Prohibited Category,admin,internal,Creates or updates a prohibited category and invalidates the prohibited-checker's negative-result cache.,ProhibitedCategoryCreateRequest,ProhibitedCategoryUpsertResponse,requires require_service_token
product-service,DELETE,/api/v1/admin/prohibited-categories/{cat_id},Delete Prohibited Category,admin,internal,Deletes a prohibited category and invalidates the prohibited-checker cache.,,ProhibitedCategoryDeleteResponse,requires require_service_token
product-service,GET,/api/v1/admin/merchants,List Merchants,admin,internal,Returns a cursor-paginated list of merchants with product counts.,,MerchantListResponse,requires require_service_token; returns paginated list
product-service,GET,/api/v1/admin/merchants/{domain},Get Merchant,admin,internal,Returns detail for a merchant by domain.,,,requires require_service_token
product-service,POST,/api/v1/admin/merchants/{domain}/block,Block Merchant,admin,internal,"Blocks a merchant by domain, logging an audit event and the count of affected products.",,MerchantBlockResponse,requires require_service_token
product-service,GET,/api/v1/admin/queue-stats,Get Queue Stats,admin,internal,"Returns checkout/scraping queue and DLQ depths plus sample DLQ entries, with card PAN/CVV fields redacted defensively.",,QueueStatsResponse,requires require_service_token
product-service,POST,/api/v1/admin/dlq/{queue_name}/reprocess/{index},Reprocess Dlq Item,admin,internal,Re-enqueues a specific dead-letter-queue entry by index.,,DlqReprocessResponse,requires require_service_token
product-service,DELETE,/api/v1/admin/dlq/{queue_name}/purge,Purge Dlq,admin,internal,Purges all entries from a named dead-letter queue.,,DlqPurgeResponse,requires require_service_token
product-service,GET,/api/v1/admin/analytics/extraction-stats,Get Extraction Stats,admin,internal,Returns scraping-job counts grouped by status.,,,requires require_service_token
product-service,POST,/api/v1/admin/prohibited-categories/sync,Sync Prohibited Categories,admin,internal,Invalidates the prohibited-checker cache defensively; does not itself mutate any rows.,,,requires require_service_token
product-service,GET,/api/v1/admin/extraction-waterfall/config,Get Extraction Waterfall Config,admin,internal,"Returns the static configuration of the product-extraction tier waterfall (Violet/Rye, Scraper API, BrightData, Playwright) with timeouts.",,,requires require_service_token
credit-engine,GET,/credit/check,Check Credit,credit,customer,Runs the credit-decision pipeline for a candidate order amount/category for the current user and returns a live credit check result (internal feature snapshot stripped).,,CreditCheckResponse,rate-limited via credit_decision_rate_limit
credit-engine,POST,/credit/evaluate,Evaluate Credit,credit,customer,"Exposes the same evaluate_credit() decision core used by /credit/check and /credit/apply directly, for callers wanting the decision without query-string shape or the side effect of creating an application; caller must match the target user_id.",CreditEvaluateRequest,CreditCheckResponse,rate-limited; self-only via _require_self
credit-engine,POST,/credit/apply,Apply Credit,credit,customer,"Runs credit evaluation and creates a CreditApplication record, guarded by an Idempotency-Key cache and a Redis lock preventing concurrent portfolio-concentration races for the same user.",CreditApplyRequest,CreditApplyResponse,rate-limited; self-only; idempotency via Idempotency-Key header
credit-engine,POST,/credit/prequalify,Prequalify Credit,credit,customer,Returns a soft prequalification estimate for a user/product category without creating a hard credit application.,PrequalifyRequest,PrequalifyResponse,rate-limited; self-only via _require_self
credit-engine,GET,/credit/score,Get Credit Score,credit,customer,Returns the current user's live computed credit score.,,CreditScoreResponse,
credit-engine,GET,/credit/history,Get Credit History,credit,customer,"Returns the current user's credit assessment history, capped at a caller-supplied limit.",,CreditHistoryResponse,
credit-engine,POST,/credit/recalculate,Recalculate Credit,credit,customer,Recalculates and updates the current user's credit limit.,,RecalculateResponse,rate-limited via credit_decision_rate_limit
credit-engine,GET,/credit/status,Credit Status,credit,customer,Returns the current user's credit status summary.,,CreditStatusResponse,
credit-engine,GET,/credit/me,Get My Credit,credit,customer,Alias of /credit/status returning the current user's credit status summary.,,CreditStatusResponse,alias route (identical to /credit/status)
credit-engine,POST,/admin/credit/override,Override Credit,admin credit,admin,"Admin sets a user's credit limit to a new value with a reason code, recording an audit event.",CreditOverrideRequest,CreditOverrideResponse,rate-limited via credit_admin_rate_limit
credit-engine,POST,/admin/credit/adjust,Adjust Credit,admin credit,admin,"Compatibility alias for POST /admin/credit/override, kept for older clients still calling /adjust.",CreditOverrideRequest,CreditOverrideResponse,alias route; rate-limited
credit-engine,GET,/admin/risk/alerts,Get Risk Alerts,admin risk,admin,Returns the most recent risk alerts up to a caller-supplied limit.,,RiskAlertsResponse,
credit-engine,POST,/admin/risk/blacklist,Blacklist Entity,admin risk,admin,"Adds an entity (user/device/IP) to the risk blacklist with a reason code and severity, recording an audit event.",BlacklistRequest,BlacklistResponse,rate-limited via credit_admin_rate_limit
credit-engine,GET,/credit/explain/{assessment_id},Credit Explain,credit,admin,"Returns a human-readable explanation of a specific credit assessment's decision factors for admin review, logging an audit event.",,CreditExplanationResponse,
payment-orchestrator,POST,/api/v1/payments/down-payment,Down Payment,payments,customer,"Initiates a down payment for a signed order: validates order state and amount range, creates a durable idempotent PaymentWorkflow, selects a gateway, and either returns a pending redirect (async gateways) or captures immediately and queues VCN issuance (sync gateways).",DownPaymentRequest,DownPaymentResponse,rate-limited (10/60s); idempotency via Idempotency-Key
payment-orchestrator,POST,/api/v1/payments/pay-installment,Pay Installment,payments,customer,"Pays a specific installment via the selected gateway, guarded by a Redis lock plus a DB row lock to prevent double-charging from concurrent user/auto-collect attempts; emits payment.installment_paid via the transactional outbox instead of mutating installment status directly.",PayInstallmentRequest,PayInstallmentResponse,does not mutate Installment.status (Ledger Service owns that transition)
payment-orchestrator,POST,/api/v1/payments/refund,Initiate Refund,payments,customer,"Initiates a refund against the original successful payment for an order, capping the refundable amount at what remains after any prior refunds.",RefundRequest,RefundResponse,
payment-orchestrator,POST,/api/v1/payments/internal/trigger-installment,Internal Trigger Installment,payments,internal,"Internal endpoint for the legacy billing-sweep trigger to collect an installment, preferring an active Raast mandate, with retry-count tracking and an installment_failed event emitted after max retries.",PayInstallmentRequest,,requires require_internal_token; excluded from OpenAPI schema (include_in_schema=False)
payment-orchestrator,POST,/api/v1/payments/down-payment/{payment_workflow_id}/retry,Retry Down Payment,payments,customer,Retries a failed or expired down-payment workflow under a fresh idempotency key.,,,
payment-orchestrator,GET,/api/v1/payments/history/{order_id},Get Payment History,payments,customer,Returns the full payment transaction and workflow history for an order the caller owns.,,,
payment-orchestrator,POST,/api/v1/payments/internal/installments/{installment_id}/auto-collect,Auto Collect Installment,payments,internal,"Internal endpoint called by Ledger Service's BillingSweepWorker to trigger auto-collection of an overdue installment, preferring an active Raast mandate.",,,requires require_internal_token; excluded from OpenAPI schema; the critical link between billing sweep and payment execution
payment-orchestrator,POST,/api/v1/payments/vcn/issue,Issue Vcn,vcn,customer,Issues a virtual card (VCN) for an order that is in CONTRACTS_SIGNED state.,VcnIssueRequest,VcnIssueResponse,rate-limited (5/60s)
payment-orchestrator,POST,/api/v1/payments/vcn/{vcn_id}/void,Void Vcn,vcn,customer,"Voids a virtual card, retrying Stripe card cancellation up to 3 times before falling back to a local-only void.",,,rate-limited (10/60s); a voided VCN cannot be re-activated
payment-orchestrator,GET,/api/v1/payments/vcn/{order_id}/status,Vcn Status,vcn,customer,"Returns the status, charged amount and usage flag of the VCN issued for an order.",,VcnStatusResponse,
payment-orchestrator,GET,/api/v1/payments/internal/vcn/{order_id}/decrypt,Internal Decrypt Vcn,vcn,internal,"Decrypts and returns plaintext PAN/CVV for an order's VCN, called only by product-service's checkout agent.",,VcnDecryptResponse,requires require_internal_token; rate-limited (30/60s); response must not be logged in full at INFO level
payment-orchestrator,GET,/api/v1/admin/payments/transactions,List Transactions,admin-payments,admin,"Returns a paginated list of payment transactions filterable by gateway and status, deriving order_id via the linked Loan when not set directly on the transaction.",,PaginatedTransactions,requires RequireRole(superadmin/finance/support); returns paginated list
payment-orchestrator,GET,/api/v1/admin/payments/vcns,List Vcns,admin-payments,admin,"Lists issued virtual cards, optionally filtered by status.",,list[VcnAdminSummary],requires RequireRole(superadmin/finance/support)
payment-orchestrator,GET,/api/v1/admin/payments/gateway-health,Gateway Health,admin-payments,admin,Returns the current health/circuit-breaker status of all configured payment gateways.,,list[GatewayHealthSummary],requires RequireRole(superadmin/finance/support)
payment-orchestrator,POST,/api/v1/admin/payments/reconciliation,Run Reconciliation,admin-payments,admin,Runs payment-level reconciliation against an uploaded gateway settlement batch and returns a discrepancy report.,ReconciliationImportRequest,ReconciliationReport,requires RequireRole(superadmin/finance)
payment-orchestrator,GET,/api/v1/admin/payments/workflows,List Workflows,admin-payments,admin,Returns a paginated list of all payment workflows.,,,requires RequireRole(superadmin/finance/support); returns paginated list
payment-orchestrator,POST,/api/v1/admin/payments/workflows/{workflow_id}/force-retry,Force Retry Workflow,admin-payments,admin,Forces a retry of a failed/expired payment workflow by resetting it to INITIATED under a fresh suffixed idempotency key.,,,requires RequireRole(superadmin/finance)
payment-orchestrator,POST,/api/v1/admin/payments/adjustments,Create Adjustment,admin-payments,admin,"Queues a manual credit/debit adjustment for an order's loan via an outbox event, for compensation or manual corrections.",AdjustmentRequest,,requires RequireRole(superadmin/finance)
payment-orchestrator,GET,/api/v1/admin/payments/audit-trail/{order_id},Get Audit Trail,admin-payments,admin,Returns a consolidated audit trail of transactions and VCNs for an order's payments.,,,requires RequireRole(superadmin/finance/support)
payment-orchestrator,POST,/api/v1/admin/payments/reconciliation/trigger,Trigger Reconciliation,admin-payments,admin,"Manually triggers settlement reconciliation for a gateway/date as a background task, without needing the CLI worker.",,,requires RequireRole(superadmin/finance); long-running/async job
payment-orchestrator,GET,/api/v1/admin/payments/mandates/{user_id},Get User Mandates,admin-payments,admin,"Returns all payment mandates (e.g. Raast auto-debit) on file for a user, for verifying auto-collection setup.",,,requires RequireRole(superadmin/finance/support)
payment-orchestrator,POST,/api/v1/payments/mandates,Setup Mandate,mandates,customer,Sets up a new payment mandate (e.g. Raast auto-debit) via the selected gateway's adapter.,MandateSetupRequest,MandateSetupResponse,
payment-orchestrator,GET,/api/v1/payments/mandates/,List Mandates,mandates,customer,Lists the current user's payment mandates.,,list[MandateStatusResponse],
payment-orchestrator,DELETE,/api/v1/payments/mandates/{mandate_id},Revoke Mandate,mandates,customer,Revokes an active payment mandate owned by the current user.,,,
payment-orchestrator,POST,/api/v1/payments/mandates/setup,Setup Mandate Legacy,mandates,customer,Backward-compatible alias of POST /payments/mandates for legacy clients.,MandateSetupRequest,MandateSetupResponse,excluded from OpenAPI schema; alias route
payment-orchestrator,POST,/api/v1/payments/mandates/{mandate_reference}/revoke,Revoke Mandate Legacy,mandates,customer,"Backward-compatible alias of DELETE /payments/mandates/{id}, looking the mandate up by reference instead of ID.",,,excluded from OpenAPI schema; alias route
payment-orchestrator,POST,/api/v1/webhooks/safepay,Safepay Webhook,webhooks,webhook,"Receives SafePay payment confirmations, verifies signature, dedupes on the gateway's stable transaction id, confirms the down payment, and queues VCN issuance for the order's full total.",,WebhookAck,webhook signature verification; no auth token
payment-orchestrator,POST,/api/v1/webhooks/jazzcash,Jazzcash Webhook,webhooks,webhook,"Receives JazzCash payment confirmations, verifies signature, dedupes, confirms the down payment, and queues VCN issuance for the order's full total.",,WebhookAck,webhook signature verification; no auth token
payment-orchestrator,POST,/api/v1/webhooks/raast,Raast Webhook,webhooks,webhook,"Receives Raast IBFT transfer confirmations after payer OTP approval, verifies signature, dedupes, confirms the down payment, and queues VCN issuance.",,WebhookAck,webhook signature verification; no auth token
payment-orchestrator,POST,/api/v1/webhooks/raast/mandate,Raast Mandate Webhook,webhooks,webhook,Receives Raast mandate-authorization confirmations and updates the corresponding PaymentMandate's status to active or failed.,,WebhookAck,webhook signature verification; no auth token
payment-orchestrator,POST,/api/v1/webhooks/safepay/refund,Safepay Refund Webhook,webhooks,webhook,Receives SafePay asynchronous refund-completion callbacks and settles the matching RefundWorkflow.,,WebhookAck,webhook signature verification; no auth token
payment-orchestrator,POST,/api/v1/webhooks/jazzcash/refund,Jazzcash Refund Webhook,webhooks,webhook,Receives JazzCash asynchronous refund-completion callbacks and settles the matching RefundWorkflow.,,WebhookAck,webhook signature verification; no auth token
payment-orchestrator,POST,/api/v1/webhooks/raast/refund,Raast Refund Webhook,webhooks,webhook,Receives Raast asynchronous refund-completion callbacks and settles the matching RefundWorkflow.,,WebhookAck,webhook signature verification; no auth token
payment-orchestrator,POST,/api/v1/webhooks/stripe,Stripe Webhook,webhooks,webhook,"Receives Stripe Issuing webhooks (VCN authorizations/transactions), verifies the Stripe signature, dedupes on Stripe's event id, and routes the event to VcnOrchestrator.",,WebhookAck,webhook signature verification (falls back to unverified in dev if secret unset and fallbacks enabled)
ledger-service,GET,/health/live,Liveness,health,public,Bare liveness probe returning a static ok status.,,HealthStatusResponse,not under /api/v1; mounted directly
ledger-service,GET,/health/ready,Readiness,health,public,"Readiness probe checking DB and Redis connectivity, that ledger accounts and an active charity are seeded, and that the ledger event listener/watchdog tasks are alive.",,ReadinessResponse,not under /api/v1; mounted directly
ledger-service,GET,/accounts/,List Accounts,Accounts,admin,"Lists all general-ledger accounts with their current balances, optionally filtered by account type and as-of date.",,,requires require_admin_role(finance_analyst/super_admin)
ledger-service,GET,/accounts/{account_code},Get Account Details,Accounts,admin,Returns detail and balance for a specific GL account.,,,requires require_admin_role(finance_analyst/super_admin)
ledger-service,GET,/accounts/{account_code}/ledger,Get Account Ledger,Accounts,admin,"Returns the full T-account ledger view for an account, cursor-paginated over a date range.",,,requires require_admin_role(finance_analyst/super_admin); returns paginated list
ledger-service,GET,/entries/,List Journal Entries,Journal Entries,admin,"Queries journal entries with cursor-based pagination, filterable by date range, entry type and source type.",,,requires require_admin_role(finance_analyst/super_admin); returns paginated list
ledger-service,GET,/entries/{entry_number},Get Entry,Journal Entries,admin,Returns detail for a specific journal entry by entry number.,,,requires require_admin_role(finance_analyst/super_admin)
ledger-service,POST,/entries/manual,Create Manual Entry,Journal Entries,admin,"Posts a manual multi-line journal entry directly to the general ledger (super_admin only), idempotent on the Idempotency-Key header.",ManualEntryRequest,,requires require_admin_role(super_admin); rate-limited via rate_limit_admin_writes
ledger-service,POST,/entries/{entry_number}/reverse,Reverse Entry,Journal Entries,admin,"Reverses an existing journal entry with a stated reason (super_admin only), idempotent on the Idempotency-Key header.",ReversalRequest,,requires require_admin_role(super_admin); rate-limited via rate_limit_admin_writes
ledger-service,GET,/periods/,List Periods,Periods,admin,Lists accounting periods and their open/closed statuses.,,,requires require_admin_role(finance_analyst/super_admin)
ledger-service,POST,/periods/{period_key}/close,Close Period,Periods,admin,Closes an accounting period to prevent further postings (super_admin only).,PeriodCloseRequest,,requires require_admin_role(super_admin); rate-limited via rate_limit_admin_writes
ledger-service,POST,/periods/{period_key}/reopen,Reopen Period,Periods,admin,"Reopens a closed accounting period (super_admin only, use with caution).",,,requires require_admin_role(super_admin); rate-limited via rate_limit_admin_writes
ledger-service,GET,/admin/finance/pl,Get Profit Loss,Admin Finance,admin,Builds and returns the profit-and-loss report for a given accounting period.,,ProfitLossResponse,requires require_admin_role(finance_analyst/super_admin)
ledger-service,GET,/admin/finance/trial-balance,Get Trial Balance,Admin Finance,admin,Returns the trial balance for a given accounting period.,,TrialBalanceResponse,requires require_admin_role(finance_analyst/super_admin)
ledger-service,GET,/admin/finance/balance-sheet,Get Balance Sheet,Admin Finance,admin,Builds and returns the balance sheet as of a given date.,,BalanceSheetResponse,requires require_admin_role(finance_analyst/super_admin)
ledger-service,GET,/admin/finance/accounts,Get Ledger Accounts,Admin Finance,admin,"Lists GL accounts with balances, optionally filtered by account type and as-of date.",,LedgerAccountsListResponse,requires require_admin_role(finance_analyst/super_admin)
ledger-service,GET,/admin/finance/accounts/{account_code}/balance,Get Ledger Account Balance,Admin Finance,admin,Returns the balance for a specific GL account as of a given date.,,AccountBalanceResponse,requires require_admin_role(finance_analyst/super_admin)
ledger-service,GET,/admin/finance/entries,Get Journal Entries,Admin Finance,admin,"Lists journal entries with cursor pagination and date/type filters (finance-report view, distinct route from /entries/).",,JournalEntryListResponse,requires require_admin_role(finance_analyst/super_admin); returns paginated list
ledger-service,GET,/admin/finance/entries/{entry_number},Get Journal Entry Detail,Admin Finance,admin,Returns detail for a specific journal entry (finance-report view).,,JournalEntryResponse,requires require_admin_role(finance_analyst/super_admin)
ledger-service,GET,/admin/finance/ar-aging,Get Ar Aging,Admin Finance,admin,"Builds an accounts-receivable aging report as of a given date, filterable by user, plan type and status.",,ARAgingResponse,requires require_admin_role(finance_analyst/super_admin)
ledger-service,GET,/admin/finance/dlq,Get Dlq Messages,Admin Finance,admin,Lists messages currently sitting in the event dead-letter queue.,,DLQListResponse,requires require_admin_role(finance_analyst/super_admin)
ledger-service,GET,/admin/finance/dlq/{message_id},Get Dlq Message Detail,Admin Finance,admin,Returns detail for a specific dead-letter-queue message by its 1-based index.,,DLQMessageResponse,requires require_admin_role(finance_analyst/super_admin)
ledger-service,POST,/admin/finance/dlq/{message_id}/retry,Retry Dlq Message,Admin Finance,admin,Re-publishes a dead-letter-queue message's event back onto its channel for reprocessing (super_admin only).,,DLQRetryResponse,requires require_admin_role(super_admin)
ledger-service,GET,/admin/finance/reconciliation,Get Reconciliation,Admin Finance,admin,"Lists payment-gateway reconciliation snapshots, filterable by gateway and settlement date, paginated.",,ReconciliationListResponse,requires require_admin_role(finance_analyst/super_admin); returns paginated list
ledger-service,GET,/admin/finance/shariah-audit,Get Shariah Audit,Admin Finance,admin,Builds a Shariah-compliance audit report for a given period.,,ShariahAuditResponse,requires require_admin_role(finance_analyst/super_admin)
ledger-service,POST,/admin/finance/reconciliation,Import Reconciliation,Admin Finance,internal,Imports a gateway settlement snapshot for reconciliation matching.,ReconciliationImportRequest,ReconciliationImportResponse,"requires require_internal_request, not admin-role gated"
ledger-service,POST,/admin/finance/reconciliation/{reconciliation_id}/override,Manual Reconciliation Override,Admin Finance,admin,Force-matches a discrepant reconciliation record with a stated reason (super_admin only).,ReconciliationOverrideRequest,ReconciliationOverrideResponse,requires require_admin_role(super_admin)
ledger-service,GET,/admin/finance/cash-flow,Get Cash Flow,Admin Finance,admin,Builds a direct-method cash flow statement for a given period.,,CashFlowResponse,requires require_admin_role(finance_analyst/super_admin)
ledger-service,GET,/admin/finance/ar-aging/export,Export Ar Aging Details,Admin Finance,admin,"Exports granular AR-aging line-item detail, filterable by minimum days overdue, for offline analysis.",,list[ARAgingDetailResponse],requires require_admin_role(finance_analyst/super_admin)
ledger-service,POST,/admin/finance/periods/seed,Seed Periods,Admin Finance,admin,Seeds 12 monthly accounting periods for a given fiscal year (super_admin only).,FiscalYearSeedRequest,list[PeriodManagementResponse],requires require_admin_role(super_admin)
ledger-service,POST,/admin/finance/periods/{period_key}/close,Close Period,Admin Finance,admin,"Closes an accounting period (finance-admin view, super_admin only).",,PeriodManagementResponse,requires require_admin_role(super_admin)
ledger-service,POST,/admin/finance/periods/{period_key}/reopen,Reopen Period,Admin Finance,admin,"Reopens a closed accounting period (finance-admin view, super_admin only).",,PeriodManagementResponse,requires require_admin_role(super_admin)
ledger-service,GET,/admin/finance/charity-report,Get Charity Report,Admin Finance,admin,Returns a summary of late-fee charity allocations for a given period.,,CharityReportResponse,requires require_admin_role(finance_analyst/super_admin)
ledger-service,POST,/admin/finance/charity-disbursement,Post Charity Disbursement,Admin Finance,admin,Records a charity disbursement against one or more allocation IDs (super_admin only).,CharityDisbursementRequest,CharityDisbursementResponse,requires require_admin_role(super_admin); rate-limited via rate_limit_admin_writes
ledger-service,POST,/admin/finance/billing-sweep,Trigger Billing Sweep,Admin Finance,admin,Manually triggers the billing sweep for a given date (super_admin only).,,,requires require_admin_role(super_admin); rate-limited via rate_limit_admin_writes; long-running job
ledger-service,GET,/admin/finance/overdue-report,Get Overdue Report,Admin Finance,admin,"Returns an overdue-installment report with total outstanding amounts, filterable by minimum days overdue.",,OverdueReportResponse,requires require_admin_role(finance_analyst/super_admin)
ledger-service,GET,/admin/finance/tasdeeq-report,Get Tasdeeq Report,Admin Finance,admin,Generates and submits the TASDEEQ credit-bureau report for a given date.,,TasdeeqReportResponse,requires require_admin_role(finance_analyst/super_admin)
ledger-service,POST,/admin/finance/charity/process-allocation,Process Charity Allocation,Admin Finance,admin,Processes pending charity allocations and auto-disburses any above the nisab threshold (super_admin only).,,CharityAutoAllocationResponse,requires require_admin_role(super_admin); rate-limited via rate_limit_admin_writes
ledger-service,GET,/admin/finance/periods/upcoming-closes,Get Upcoming Period Closes,Admin Finance,admin,"Returns open accounting periods whose end date falls within a given number of days, for close-alerting.",,list[PeriodCloseAlertResponse],requires require_admin_role(finance_analyst/super_admin)
ledger-service,POST,/internal/billing/trigger-sweep,Internal Trigger Billing Sweep,Internal Billing,internal,Allows Gateway to manually trigger the billing sweep for a given date.,,,requires require_internal_request
notification-service,GET,/api/health/live,Liveness,Health,public,Bare liveness probe returning a static alive status.,,,not under /api/v1; mounted without the v1 prefix
notification-service,GET,/api/health/ready,Readiness,Health,public,"Detailed readiness probe checking Postgres, Redis, the event listener, queue/retry/DLQ depths, and per-channel dispatcher health (degraded if SMS/push dispatchers are down).",,,not under /api/v1; mounted without the v1 prefix; returns 503 when not ready
notification-service,POST,/api/v1/tracking/register,Register Tracking,Tracking,internal,Registers a shipment for AfterShip tracking against an order and courier.,RegisterTrackingRequest,RegisterTrackingResponse,requires require_internal_key
notification-service,GET,/api/v1/tracking/{order_id},Get Tracking Status,Tracking,customer,Returns the current shipment tracking status for an order.,,ShipmentStatusResponse,
notification-service,POST,/api/v1/webhooks/aftership,Aftership Webhook,Webhooks,webhook,"Receives AfterShip shipment tracking-event webhooks, verifies the HMAC-SHA256 signature, dedupes, and updates shipment status.",,WebhookAck,webhook signature verification (HMAC); no auth token
notification-service,POST,/api/v1/webhooks/sendgrid,Sendgrid Webhook,Webhooks,webhook,"Receives SendGrid email delivery/bounce/unsubscribe event webhooks, verifying an ECDSA-P256 signature when configured, and updates dispatch status or disables email for a category on unsubscribe.",,,"webhook signature verification (ECDSA, best-effort if secret unset); no auth token"
notification-service,POST,/api/v1/webhooks/sms-delivery,Sms Delivery Receipt,Webhooks,webhook,"Receives SMS delivery-status webhooks (Jazz/Twilio), verifying HMAC when configured, and updates the matching dispatch's status.",,,"webhook signature verification (HMAC, best-effort if secret unset); no auth token"
notification-service,POST,/api/v1/webhooks/whatsapp-delivery,Whatsapp Delivery Receipt,Webhooks,webhook,"Receives WhatsApp delivery-status webhooks (Jazz), verifying HMAC when configured; only a delivered status transitions the dispatch, read only updates read_at.",,,"webhook signature verification (HMAC, best-effort if secret unset); no auth token"
notification-service,GET,/api/v1/admin/tracking/issues,Get Tracking Issues,Admin Tracking,admin,"Returns shipments with tracking issues (e.g. stalled, exception) for admin review.",,AdminTrackingIssuesResponse,requires require_operations_manager
notification-service,GET,/api/v1/notifications/,List Notifications,Notifications,customer,"Returns a paginated inbox of the current user's notifications with unread count, filterable by read status and category.",,NotificationInboxResponse,returns paginated list
notification-service,POST,/api/v1/notifications/{notification_id}/read,Mark Notification Read,Notifications,customer,Marks a single notification as read for the current user.,,,
notification-service,POST,/api/v1/notifications/read-all,Mark All Notifications Read,Notifications,customer,Marks all of the current user's notifications as read.,,,
notification-service,GET,/api/v1/notifications/unread-count,Get Unread Count,Notifications,customer,Returns the current user's unread notification count.,,,
notification-service,GET,/api/v1/notifications/preferences,Get Preferences,Notifications,customer,Returns the current user's per-category notification channel preferences.,,NotificationPreferencesResponse,
notification-service,PUT,/api/v1/notifications/preferences,Update Preferences,Notifications,customer,Updates the current user's per-category notification channel preferences.,PreferenceUpdateRequest,,
notification-service,POST,/api/v1/notifications/unsubscribe,Global Unsubscribe,Notifications,customer,Globally unsubscribes the current user from all non-essential notifications.,,,
notification-service,POST,/api/v1/internal/notifications/send,Internal Send Notification,Internal Notifications,internal,"Creates and queues a notification for a user from an event type and template variables, on behalf of another service.",InternalNotificationRequest,,requires require_internal_key
notification-service,POST,/api/v1/internal/notifications/otp,Internal Send Otp,Internal Notifications,internal,"Sends an OTP code via SMS/WhatsApp with strict rate limiting, bypassing the user's normal notification preferences.",OTPRequest,,requires require_internal_key; 429 if rate-limited
notification-service,POST,/api/v1/internal/notifications/bulk,Internal Send Bulk,Internal Notifications,internal,Creates a batch of notifications for multiple users from a single event type.,BulkNotificationRequest,,requires require_internal_key
notification-service,GET,/api/v1/admin/notifications/,List All Notifications,Admin Notifications,admin,"Returns a paginated list of all notifications across users, filterable by user_id and status.",,,requires require_permissions(admin:notifications:read); returns paginated list
notification-service,GET,/api/v1/admin/notifications/stats,Get Notification Stats,Admin Notifications,admin,Returns notification counts by status and dispatch counts by status.,,,requires require_permissions(admin:notifications:read)
notification-service,GET,/api/v1/admin/notifications/dlq,List Dlq Items,Admin Notifications,admin,Returns up to 100 items currently sitting in the notification dead-letter queue.,,,requires require_permissions(admin:notifications:write)
notification-service,POST,/api/v1/admin/notifications/retry/{notification_id},Retry Notification,Admin Notifications,admin,Resets a notification's dead-lettered dispatches to pending and re-enqueues it.,,,requires require_permissions(admin:notifications:write)
notification-service,POST,/api/v1/admin/notifications/dlq/retry-all,Retry All Dlq,Admin Notifications,admin,Re-enqueues every notification currently in the dead-letter queue and clears the DLQ.,,,requires require_permissions(admin:notifications:write)
notification-service,DELETE,/api/v1/admin/notifications/dlq/purge,Purge Dlq,Admin Notifications,admin,Purges the notification dead-letter queue without retrying its contents.,,,requires require_permissions(admin:notifications:write)
notification-service,GET,/api/v1/admin/notifications/scheduled,List Scheduled,Admin Notifications,admin,Lists notifications scheduled for future delivery that have not yet fired.,,,requires require_permissions(admin:notifications:read)
notification-service,DELETE,/api/v1/admin/notifications/scheduled/{scheduled_id},Cancel Scheduled,Admin Notifications,admin,Cancels a not-yet-fired scheduled notification.,,,requires require_permissions(admin:notifications:write)
